Top pages,Clicks,Impressions,CTR,Position
https://www.ayureva.in/about,8,236,3.39%,8.06
https://www.ayureva.in/,6,96,6.25%,9.69
https://www.ayureva.in/contact,2,198,1.01%,9.03
https://www.ayureva.in/blog/which-fruit-is-best-for-pcos-in-ayurveda,2,39,5.13%,6.51
https://www.ayureva.in/blog/bloating-gas-ayurvedic-home-remedies,0,470,0%,37.71
https://www.ayureva.in/blog/heavy-period-bleeding-ayurvedic-treatment,0,119,0%,24.84
https://www.ayureva.in/blog/endometriosis-ayurvedic-treatment-chocolate-cysts,0,59,0%,26.59
https://www.ayureva.in/blog/ayurvedic-weight-loss-tips-agni,0,50,0%,29.88
https://www.ayureva.in/blog/white-discharge-leucorrhea-ayurvedic-treatment,0,42,0%,36.07
https://www.ayureva.in/services,0,41,0%,18.68
https://www.ayureva.in/blog/ayurvedic-management-pcos-guide,0,34,0%,46.03
https://www.ayureva.in/blog/hypothyroidism-ayurvedic-treatment-diet,0,25,0%,71.16
https://www.ayureva.in/blog/post-partum-care-ayurveda-sutika-paricharya,0,20,0%,6.1
https://www.ayureva.in/blog/sleep-hygiene-insomnia-ayurveda-nidra,0,17,0%,53.76
https://www.ayureva.in/blog,0,16,0%,8.25
https://www.ayureva.in/blog/pcod-vs-pcos-ayurvedic-difference,0,12,0%,11.08
https://www.ayureva.in/blog/eczema-ayurvedic-treatment-vicharchika,0,11,0%,10
https://www.ayureva.in/blog/dinacharya-ayurvedic-daily-routine,0,11,0%,22.73
https://www.ayureva.in/blog/ibs-ayurvedic-treatment-grahani,0,10,0%,20.8
https://www.ayureva.in/blog/is-ashwagandha-good-for-pcos,0,9,0%,46.11
https://www.ayureva.in/privacy-policy,0,8,0%,3.62
https://www.ayureva.in/blog/recurrent-uti-ayurvedic-treatment-home-remedies,0,4,0%,24.25
https://www.ayureva.in/online-pcod-treatment/guwahati,0,3,0%,34.67
https://www.ayureva.in/online-pcod-treatment/delhi,0,2,0%,32.5
https://www.ayureva.in/online-pcod-treatment/sharjah,0,1,0%,9
https://www.ayureva.in/online-pcod-treatment/bhopal,0,1,0%,13
https://www.ayureva.in/online-pcod-treatment/ahmedabad,0,1,0%,35
https://www.ayureva.in/online-pcod-treatment/ranchi,0,1,0%,81