Top queries,Clicks,Impressions,CTR,Position
ayureva,6,33,18.18%,2.94
ayurvedic gas medicine for bloating,0,54,0%,49.87
ayurvedic gas relief,0,24,0%,54.58
dr.arti singh reviews,0,23,0%,10.74
ayurvedic medicine for gas and bloating,0,18,0%,51.11
ayurveda for gas,0,17,0%,54.53
indian home remedy for bad smelling gas,0,13,0%,47.46
ayurvedic medicine for bloating and gas,0,11,0%,54.27
ayurvedic medicine for white discharge,0,10,0%,35.9
ayurvedic medicine for gas pain,0,10,0%,47.8
ayurveda weight loss,0,10,0%,77
how to improve sleep naturally with ayurveda,0,9,0%,80.56
products offered by dr.arti singh,0,8,0%,8.38
ayurveda for gas and bloating,0,8,0%,61.88
dr arti singh reviews,0,7,0%,10.86
ayurvedic remedy for gas and bloating,0,7,0%,51.29
chocolate cyst treatment without surgery,0,7,0%,74.43
ayurvedic pcos fertility treatment in kolkata,0,7,0%,78.57
dr arti singh,0,6,0%,24.33
ayurvedic cure for gas,0,6,0%,50.5
ayurvedic remedy for gas,0,6,0%,53.17
pushyanug churna for pcos,0,6,0%,60.83
dr arti singh clinic,0,5,0%,8
ayurvedic medicine for heavy bleeding during menopause,0,5,0%,59.2
best indian food for gas problem,0,5,0%,61.2
ayurvedic remedy for bloating,0,5,0%,69.2
wellhealthorganic.com 12-effective-weight-lose-tips-without-dieting,0,4,0%,17.5
indian home remedy for bad-smelling gas,0,4,0%,48.75
indian home remedies to stop prolonged periods,0,4,0%,50.5
heavy periods ayurvedic treatment,0,4,0%,56.25
ayurvedic treatment for women,0,4,0%,73.75
hypothyroid ayurveda solutions,0,4,0%,77.25
ayurvedic remedies for bloating,0,4,0%,85
ayurvedic syrup for white discharge,0,3,0%,40
ayurvedic medicine to stop bleeding,0,3,0%,44.33
ayurvedic medicine for bloating,0,3,0%,48
ayurvedic treatment for gas,0,3,0%,48.33
ayurvedic medicine for heavy bleeding during periods,0,3,0%,48.67
ayurvedic medicine for high tsh level,0,3,0%,65.33
dr swati singh,0,3,0%,91
ayurveda medicine for white discharge,0,2,0%,38.5
white discharge ayurvedic syrup,0,2,0%,40
herbs for gas relief,0,2,0%,45.5
ayurveda bloating remedy,0,2,0%,49
ayurvedic treatment pcod in ahmedabad,0,2,0%,50.5
indian home remedies for gas and bloating,0,2,0%,50.5
ayurvedic remedies for bloating and gas,0,2,0%,52.5
best medicine for white discharge,0,2,0%,56
ayurvedic medicine to stop menstrual bleeding,0,2,0%,58
ayurvedic treatment for bloating and gas,0,2,0%,58
best ayurvedic medicine for menorrhagia,0,2,0%,60.5
menorrhagia treatment in ayurveda,0,2,0%,60.5
does mustard help with gas,0,2,0%,66.5
pcos ashwagandha,0,2,0%,71.5
ashwagandha for pcos,0,2,0%,79.5
ayurvedic remedies for gas and bloating,0,2,0%,97.5
arti treatment,0,1,0%,1
image,0,1,0%,1
"""gas-x"" ""48 hours"" ""hydrogen breath test""",0,1,0%,10
dr.arti singh,0,1,0%,12
best ayurvedic medicine for white discharge,0,1,0%,31
cumin gas,0,1,0%,31
white discharge ayurvedic medicine,0,1,0%,35
white discharge treatment at home,0,1,0%,35
best syrup for white discharge,0,1,0%,36
white discharge ayurvedic treatment,0,1,0%,36
ayurvedic medicine for stop bleeding,0,1,0%,37
ayurvedic gas,0,1,0%,38
natural remedies for white discharge,0,1,0%,39
white discharge treatment in ayurveda,0,1,0%,39
ರಕ್ತಸ್ರಾವ ನಿಲ್ಲಿಸಲು ಉಪಯೋಗಿಸುವ ಪದಾರ್ಥ,0,1,0%,40
ayurveda for bloating,0,1,0%,41
home remedies for white discharge,0,1,0%,42
dr aarti singh,0,1,0%,44
how to reduce white discharge naturally,0,1,0%,44
ayurvedic medicine for flatulence,0,1,0%,45
remedies for white discharge,0,1,0%,45
ayurvedic home remedies for bloating and gas,0,1,0%,47
how to control white discharge,0,1,0%,48
how to cure white discharge,0,1,0%,50
ayurvedic remedy for bloating and gas,0,1,0%,51
ayurvedic treatment for bloating,0,1,0%,51
best arishtam for gas trouble,0,1,0%,51
indian home remedies for stomach pain and gas,0,1,0%,51
how to get rid of white discharge,0,1,0%,53
ayurvedic medicine for heavy bleeding,0,1,0%,54
how to treat white discharge,0,1,0%,57
natural remedies for heavy bleeding,0,1,0%,57
pcod / pcos ayurvedic treatment in delhi,0,1,0%,63
ayurvedic remedies for gas,0,1,0%,65
treatment for pcos in ayurveda,0,1,0%,66
ayurvedic medicine for endometriosis,0,1,0%,67
best ayurvedic medicine for hypothyroidism,0,1,0%,67
what can i take to stop bleeding,0,1,0%,67
ayurvedic medicine for hypothyroidism,0,1,0%,68
endometriosis in ayurveda,0,1,0%,68
pcod in ayurveda name,0,1,0%,68
ayurvedic treatment for thyroid,0,1,0%,69
ayurvedic remedies for hypothyroidism,0,1,0%,71
hypothyroidism treatment ayurveda,0,1,0%,71
ayurvedic treatment for hypothyroidism,0,1,0%,73
hypothyroidism ayurveda,0,1,0%,73
ayurveda tips for sleeplessness,0,1,0%,74
hypothyroidism treatment in ayurveda,0,1,0%,75
thyroid ayurveda,0,1,0%,75
chandraprabha vati benefits in pcos,0,1,0%,76
hypothyroidism and ayurveda,0,1,0%,76
ayurvedic treatment for endometriosis,0,1,0%,77
endometriosis ayurveda,0,1,0%,79
hypothyroidism natural treatment ayurveda,0,1,0%,80
pcod retreat india,0,1,0%,82
best ayurvedic medicine for gas and bloating,0,1,0%,83
ayurvedic treatment for thyroid abnormalities,0,1,0%,85
best ayurvedic medicine for bloating,0,1,0%,86
do mustard help with gas,0,1,0%,90
gynecology ayurveda treatments,0,1,0%,98